Matrix_Size,Nonzeros,SpMV_Time(s)
1000,10000,2.0682e-05
5000,50000,7.7507e-05
10000,100000,0.000157732
20000,200000,0.000321033
