Matrix_Size,Nonzeros,SpMV_Time(s)
1000,10000,2.5542e-05
5000,50000,9.1583e-05
10000,100000,0.000175625
20000,200000,0.000408834
